pergunta,resposta_esperada
Quais são os cursos técnicos integrados ao Ensino Médio ofertados no Campus Ibirubá?,"Os cursos técnicos integrados ao Ensino Médio ofertados no campus são o Técnico em Agropecuária, Técnico em Informática e Técnico em Mecânica."
Quais são os turnos de funcionamento dos cursos técnicos integrados?,"O funcionamento dos cursos técnicos integrados ocorre nos turnos da manhã e da tarde (turno integral), com duração prevista de 3 anos."
Quais são os cursos técnicos subsequentes ao Ensino Médio disponíveis no Campus Ibirubá?,"Na modalidade subsequente, estão disponíveis os cursos de Técnico em Eletrotécnica e Técnico em Mecânica."
Em qual turno ocorrem as aulas dos cursos subsequentes?,"As aulas dos cursos técnicos subsequentes acontecem no turno da noite, com duração de 4 semestres."
Quais são os cursos superiores de graduação ofertados no Campus Ibirubá?,"O campus oferece os seguintes cursos superiores de graduação: Bacharelado em Agronomia, Bacharelado em Engenharia Mecânica, Bacharelado em Ciência da Computação e Licenciatura em Matemática."
Qual é a duração e os turnos dos cursos de Agronomia e Engenharia Mecânica no campus?,"O curso de Agronomia ocorre nos turnos da manhã e da tarde com duração de 10 semestres. O curso de Engenharia Mecânica é ofertado no turno da noite, também com duração de 10 semestres."
Qual é a duração e os turnos de Ciência da Computação e Licenciatura em Matemática?,"O curso de Ciência da Computação ocorre à noite com duração de 9 semestres, enquanto a Licenciatura em Matemática também acontece no turno da noite com duração de 8 semestres."
Os cursos ofertados pelo IFRS Campus Ibirubá são pagos?,"Não. Todos os cursos oferecidos no IFRS são 100% gratuitos, não havendo cobrança de mensalidades ou taxas de matrícula."
Qual o valor da taxa de inscrição para os cursos técnicos integrados?,"A taxa de inscrição para os cursos técnicos na modalidade integrada é de R$ 60,00."
Quanto custa a inscrição para os cursos técnicos subsequentes?,"O custo é de R$ 20,00."
Qual é o custo da inscrição para concorrer a uma vaga em curso de graduação?,"Se o candidato optar por concorrer via Exame de Seleção (prova), a taxa é de R$ 80,00. Caso a opção seja via nota do ENEM, a taxa é de R$ 20,00."
Como deve ser efetuado o pagamento da taxa de inscrição?,"O pagamento deve ser realizado por meio de boleto bancário gerado ao final da inscrição, pagável na rede bancária ou via internet banking."
Até quando posso pagar a taxa de inscrição?,O boleto deve ser pago impreterivelmente até o prazo limite definido no cronograma oficial do edital correspondente.
Posso modificar os dados da minha inscrição (como a opção de curso ou campus) após concluí-la?,"Sim, no entanto, após a finalização da inscrição, qualquer alteração exige que o candidato realize uma nova inscrição dentro do prazo regulamentar para que os novos dados sejam computados."
É possível me inscrever em mais de um curso no mesmo edital do IFRS?,Não. É permitido realizar apenas uma única inscrição por candidato em cada edital.
Há devolução do valor pago na taxa de inscrição se eu desistir de participar?,"Não. O valor pago na taxa de inscrição não é reembolsável sob nenhuma circunstância, exceto se houver cancelamento do certame por parte do IFRS."
Quem tem direito a solicitar a isenção do pagamento da taxa de inscrição?,"Têm direito à isenção os candidatos com renda familiar bruta mensal de até 1 salário mínimo per capita (R$ 1.412,00) que estejam regularmente registrados no CadÚnico como baixa renda."
O cadastro do CadÚnico precisa ter alguma atualização recente?,Sim. O cadastro do candidato no CadÚnico deve estar obrigatoriamente atualizado nos últimos 2 anos.
Onde realizo a solicitação de isenção de taxa?,"A solicitação deve ser realizada exclusivamente via internet, na página de ingressos do IFRS (ingresso.ifrs.edu.br)."
A isenção pode ser solicitada por mais de um membro do mesmo núcleo familiar?,"Sim. A isenção é um benefício de caráter estritamente individual, e cada integrante da mesma família que deseja concorrer deve fazer a sua própria solicitação."
"Se minha isenção de taxa for aprovada (deferida), já estou inscrito no Processo Seletivo?","Não. O candidato que teve a isenção aceita deve, obrigatoriamente, entrar no sistema e realizar a inscrição no curso desejado para gerar o comprovante de isento."
O IFRS pode solicitar documentos de comprovação de renda para quem foi isento?,"Sim. O IFRS pode conferir e auditar as informações prestadas, e o candidato que prestar declarações falsas está sujeito a responder legalmente e ser eliminado do processo."
Qual o sistema utilizado para o ingresso nos cursos técnicos integrados de Ibirubá?,O sistema de ingresso para os cursos técnicos integrados em Ibirubá é realizado por meio de Exame de Seleção (prova objetiva presencial).
Como são distribuídas as vagas para os cursos técnicos subsequentes de Ibirubá?,As vagas da modalidade subsequente são preenchidas por meio de Sorteio Público ou classificação pela nota do ENEM.
Quais os meios para ingressar em um curso de graduação superior em Ibirubá?,Os ingressos para os cursos superiores de graduação em Ibirubá ocorrem via Exame de Seleção (prova com redação) ou utilizando a nota do ENEM.
"Se eu escolher o ENEM para a graduação, posso usar notas de ""treineiro""?","Não. As notas do ENEM obtidas na condição de ""treineiro"" não são validadas para a classificação de vagas."
O que fazer se eu precisar de acessibilidade ou condições especiais no dia da prova?,O candidato deve indicar sua necessidade no Formulário de Solicitação de Condição Especial (Anexo II/IV/V) disponível no sistema no momento da inscrição.
Quais apoios especiais podem ser solicitados para o dia da avaliação?,"Podem ser solicitados auxílios como tempo adicional de prova, apoio de ledores ou transcritores, salas de fácil acesso e atendimento específico para lactantes."
Quantas vagas são destinadas à reserva de vagas para escolas públicas?,Pelo menos 50% das vagas totais de cada curso são reservadas exclusivamente para estudantes egressos de escolas públicas.
O que define se posso concorrer como egresso de escola pública?,É elegível o candidato que comprovar ter cursado integralmente todo o Ensino Fundamental (para cursos técnicos) ou todo o Ensino Médio (para cursos superiores) em instituições públicas de ensino.
"Se estudei com bolsa integral em escola particular, posso concorrer às vagas reservadas?","Não. Quem estudou em escola particular, mesmo que sob a condição de bolsista integral, não possui o direito de concorrer às cotas destinadas a escolas públicas."
Como funciona a comprovação de renda para as cotas destinadas à baixa renda?,"A comprovação de renda é baseada nos dados do candidato cadastrados no CadÚnico, exigindo-se a apresentação do Extrato de Consulta Completa."
"O que são as vagas destinadas ao grupo PPIQ (Pretos, Pardos, Indígenas e Quilombolas)?","São as cotas voltadas para candidatos egressos de escola pública que se autodeclarem Pretos, Pardos, Indígenas ou Quilombolas."
Quem pode concorrer na Cota 10 (destinada a Pessoas com Deficiência - PcD)?,"A Cota 10 (C10) é reservada exclusivamente para Pessoas com Deficiência (PcD), independentemente de renda ou de terem estudado em escola pública."
O que acontece se as vagas PcD não forem preenchidas por falta de candidatos?,"As vagas reservadas a PcD que não forem preenchidas por falta de candidatos são remanejadas para outras cotas ou destinadas ao Acesso Universal (Cota 1), dependendo da ordem descrita no edital."
O que o candidato aprovado por cota de escola pública precisa assinar na matrícula?,O candidato aprovado por cota de escola pública deve assinar eletronicamente a Declaração de Não Ter Estudado em Escolas Particulares.
Quais documentos específicos devem ser enviados por candidatos indígenas aprovados?,É necessário anexar a Autodeclaração de membro de Comunidade Indígena (Anexo VII/IX) junto ao RANI ou à Declaração de Membro assinada por liderança da comunidade indígena (Anexo VIII/X).
Qual o documento necessário para candidatos que concorrem a vagas reservadas a Quilombolas?,O candidato deve enviar a Declaração de pertencimento quilombola (Anexo IX/XI) assinada por 3 lideranças (com cópias de seus documentos) e o documento de reconhecimento emitido pela Fundação Cultural Palmares.
"O que acontece se eu enviar documentos apagados, cortados ou incompletos?","O candidato que enviar documentação ilegível, rasurada ou incompleta terá sua matrícula indeferida automaticamente."
E se a escola ainda não tiver emitido meu Certificado de Conclusão na data da matrícula?,"É aceito o envio de uma Declaração provisória de provável conclusão emitida pela escola. A matrícula será homologada de forma condicional, devendo o certificado oficial ser apresentado na data limite estabelecida."
O que é o processo de Heteroidentificação?,É o procedimento presencial de verificação para confirmar a veracidade da autodeclaração prestada por candidatos pretos ou pardos.
Quais são os critérios que a banca utiliza para avaliar o candidato?,"A banca baseia-se exclusivamente nos critérios fenotípicos (características físicas visíveis do candidato, tais como traços faciais, cabelo e cor da pele)."
Posso levar fotos ou a minha certidão de nascimento para provar minha ascendência?,"Não. Fotos antigas, documentos civis ou histórico de herança genética familiar de parentes não são considerados na avaliação da banca."
Menores de 18 anos precisam de alguma autorização para filmagem do processo?,"Sim. No ato de matrícula, candidatos menores de 18 anos devem apresentar a Autorização de Uso de Imagem (Anexo VIII/IX) devidamente assinada por seus pais ou responsáveis legais."
O que ocorre se eu for convocado e não comparecer à banca de heteroidentificação?,"O candidato ausente ou que não tiver sua autodeclaração validada pela banca perde a vaga da cota e é reclassificado para as vagas de Acesso Universal (Cota 1), caso possua classificação suficiente."
Onde são publicadas as listas de classificados e chamadas para matrícula?,"Todas as listas, editais de resultados e convocações são divulgadas na internet, no site oficial de ingressos: ingresso.ifrs.edu.br."
"O que é e quem participa da ""Chamada Pública""?","A ""Chamada Pública"" é um chamamento eletrônico ou presencial realizado para preencher vagas que restaram sem matrícula após as etapas regulares, convocando candidatos suplentes por ordem de classificação."
Ter o nome listado na Chamada Pública garante a vaga no curso?,Não. Estar na lista de convocados e enviar os documentos na Chamada Pública apenas gera expectativa de direito. O preenchimento ocorre estritamente pela ordem de classificação dos candidatos habilitados até o limite de vagas disponíveis.
Posso manter vínculos ativos de matrícula em mais de um curso de graduação?,Não. É expressamente proibido por lei federal que um estudante ocupe concomitantemente duas vagas de cursos de graduação em quaisquer instituições públicas de ensino superior do país.
"O que acontece se eu for matriculado, mas faltar aos primeiros dias letivos?",O estudante regularmente matriculado que faltar aos primeiros dias letivos (conforme limite estipulado em edital) sem justificativa formal de ausência aceita pelo campus terá sua matrícula cancelada por abandono.
É obrigatório possuir conta no portal gov.br para se inscrever?,"Sim, o acesso ao sistema de inscrições exige uma conta ativa no portal gov.br."
Qual nível de conta gov.br é exigido para a inscrição?,"Geralmente são aceitas contas níveis bronze, prata ou ouro para o acesso básico."
Posso usar o CPF dos meus pais para fazer a minha inscrição?,"Não, a inscrição deve ser feita obrigatoriamente com o CPF do próprio candidato."
O que fazer se eu esquecer a senha da minha conta gov.br?,Você deve recuperar a senha diretamente na plataforma gov.br pelas opções de recuperação.
Candidatos estrangeiros podem participar do processo seletivo?,"Sim, desde que possuam a documentação legal exigida para permanência no Brasil."
Qual documento de identidade é aceito para candidatos estrangeiros?,O Registro Nacional de Estrangeiro (RNE) ou a Carteira de Registro Nacional Migratório (CRNM).
É permitido o uso de nome social durante o processo seletivo?,"Sim, candidatos travestis e transexuais podem solicitar o uso de nome social."
Como solicito a inclusão do meu nome social no cadastro?,A solicitação deve ser feita durante o preenchimento do formulário de inscrição.
O IFRS envia e-mails de confirmação após a conclusão da inscrição?,"Sim, o sistema envia confirmações automáticas para o e-mail cadastrado."
O que devo fazer se não receber o e-mail de confirmação?,Verifique a caixa de spam ou acesse o sistema para confirmar o status da inscrição.
Qual é a validade exigida para o documento de identidade (RG)?,O RG deve estar legível e permitir a identificação clara e atualizada do candidato.
CNH (Carteira Nacional de Habilitação) é aceita como identificação?,"Sim, a CNH dentro da validade é um documento de identificação oficial aceito."
Posso usar a certidão de nascimento no lugar do RG para a matrícula?,"Não, a certidão de nascimento não substitui o documento de identidade com foto."
Documentos digitais oficiais (como e-Título) são válidos no processo?,"Sim, documentos digitais oficiais com QR Code de validação normalmente são aceitos."
Cópias autenticadas em cartório substituem o envio online dos originais?,"Não, o envio deve ser feito digitalizando os documentos originais diretamente no sistema."
Preciso enviar fotos 3x4 no momento da pré-matrícula?,A necessidade de foto 3x4 depende das orientações específicas do edital de matrícula.
Existe limite de idade máximo para ingressar nos cursos subsequentes?,Não há limite máximo de idade para ingressar nos cursos técnicos subsequentes.
Existe idade mínima para os cursos superiores de graduação?,"Não há limite de idade, mas é necessário ter concluído o Ensino Médio."
O que é o período de interposição de recursos?,É o prazo oficial para contestar resultados preliminares ou decisões do processo.
Como devo enviar um recurso contra o resultado preliminar?,Os recursos devem ser submetidos exclusivamente pelo sistema eletrônico de ingresso.
Posso enviar recursos por e-mail diretamente ao campus?,"Não, recursos enviados por e-mail fora do sistema oficial não são analisados."
Qual é o prazo padrão para análise e resposta dos recursos?,O prazo exato de resposta está previsto no cronograma oficial do edital.
"Se meu recurso for negado, posso recorrer novamente?","Não, a decisão após a análise do recurso é definitiva na esfera administrativa."
Candidatos de outras cidades podem concorrer às vagas de Ibirubá?,"Sim, o processo seletivo é aberto a candidatos de qualquer município do país."
Há alojamento ou moradia estudantil oferecida pelo campus?,"Não, o IFRS Campus Ibirubá não possui alojamento ou moradia estudantil própria."
O campus oferece auxílio estudantil ou bolsas de permanência?,"Sim, o IFRS possui programas de auxílio baseados em critérios socioeconômicos."
Quando abrem os editais para solicitação de auxílio estudantil?,Os editais de assistência abrem após o início do semestre letivo.
Posso aproveitar disciplinas já cursadas em outra instituição?,"Sim, após a matrícula você pode solicitar aproveitamento mediante análise."
Como solicito o aproveitamento de estudos após a matrícula?,A solicitação é feita na secretaria com o histórico e ementas das disciplinas.
A documentação de matrícula pode ser entregue presencialmente?,"Não, o envio da documentação de pré-matrícula ocorre de forma totalmente eletrônica."
Qual o formato de arquivo exigido para o envio dos documentos?,"Os documentos geralmente devem ser anexados em formato PDF, JPG ou PNG."
Qual o tamanho máximo permitido para os arquivos anexados no sistema?,O limite de tamanho por arquivo é estipulado pelo sistema de envio.
O que faço se o sistema de inscrições apresentar instabilidade?,"Tente acessar em outro navegador, limpe o cache ou aguarde a normalização."
É possível trancar a matrícula logo no primeiro semestre?,"Geralmente o trancamento no primeiro semestre não é permitido, salvo exceções legais."
Cursos técnicos subsequentes exigem estágio obrigatório para conclusão?,"Sim, a maioria dos cursos exige o cumprimento de estágio curricular obrigatório."
Os cursos de graduação do campus exigem Trabalho de Conclusão de Curso?,"Sim, o TCC é um componente curricular obrigatório para formatura nas graduações."
Posso transferir meu curso para outro campus do IFRS futuramente?,"Sim, mediante editais internos de transferência e caso haja vaga disponível."
A matrícula deve ser renovada a cada novo semestre?,"Sim, a rematrícula é obrigatória a cada semestre para manter o vínculo."
O que ocorre se eu não renovar a matrícula no prazo estipulado?,O estudante perde o vínculo e tem a sua matrícula cancelada por abandono.
Como funciona a reclassificação de vagas não preenchidas?,As vagas são repassadas aos próximos da lista de espera por ordem de classificação.
Candidatos que zeraram a redação do Enem podem usar a nota?,"Não, zerar qualquer prova ou a redação desclassifica o candidato pelo Enem."
Qual o critério de desempate caso dois candidatos tenham a mesma nota?,Os critérios de desempate geralmente priorizam candidatos de maior idade.
Pessoas trans devem passar por banca de heteroidentificação?,"Não, a banca avalia apenas quem concorre nas cotas raciais para pretos e pardos."
A renda per capita é calculada com base no salário bruto ou líquido?,A renda familiar per capita é calculada com base na renda bruta mensal.
Estágio remunerado conta na composição da renda familiar para cotas?,"Sim, valores recebidos como bolsa de estágio entram no cômputo da renda familiar."
Membros da família que moram em outra casa entram no cálculo de renda?,"Não, apenas pessoas que residem sob o mesmo teto e compartilham rendas entram no cálculo."
Posso alterar o e-mail cadastrado após finalizar a inscrição?,A alteração deve ser feita no sistema durante o período permitido pelo edital.
É obrigatório apresentar título de eleitor na matrícula?,"Sim, a certidão de quitação eleitoral é exigida para a matrícula de maiores de 18 anos."
Homens maiores de 18 anos precisam de comprovante militar?,"Sim, a regularidade militar é obrigatória para candidatos homens maiores de 18 anos."
Onde encontro o cronograma completo com todas as datas do edital?,O cronograma completo está disponível nos anexos do edital no site de ingresso do IFRS.
